sigma,alpha,expected_il
0.2,0.1,0.00821786461865948
0.2,0.12000000000000001,0.005723846263177304
0.2,0.14,0.0056636008323936145
0.2,0.16,0.0023781776751554055
0.2,0.18,0.002517635979582402
0.2,0.2,0.0008159427603082846
0.2,0.22,0.002366231711094035
0.2,0.24000000000000002,-0.001015151071293074
0.2,0.26,1.6026818439151878e-05
0.2,0.28,0.0011195833274401542
0.2,0.30000000000000004,0.0004645925096743112
0.2,0.32,-0.00039180567432541035
0.2,0.33999999999999997,-0.000293577645459824
0.2,0.36,-0.0018230138724214685
0.2,0.38,-0.0016251469499028112
0.2,0.4,-0.0021760736049029053
0.2,0.42000000000000004,-0.002935489609836176
0.2,0.44000000000000006,-0.002381050536108578
0.2,0.45999999999999996,-0.0031241072659957494
0.2,0.48,-0.0033888431334873183
0.2,0.5,-0.0035523074720840995
0.2,0.52,-0.004034224555068663
0.2,0.54,-0.0035296703664928755
0.2,0.56,-0.004191444827707264
0.2,0.58,-0.004032549123197447
0.2,0.6,-0.005841454488297274
0.2,0.62,-0.005033550490973331
0.2,0.64,-0.006022435357339541
0.2,0.66,-0.005524725083475752
0.2,0.6799999999999999,-0.005414626773314131
0.2,0.7,-0.005569730815092839
0.2,0.72,-0.005238075209936159
0.2,0.74,-0.004088633000789596
0.2,0.76,-0.005349653976140383
0.2,0.78,-0.006776540478469273
0.2,0.8,-0.0069774601497592185
0.2,0.82,-0.006131357748848952
0.2,0.84,-0.0069030536497247325
0.2,0.86,-0.005292719692577666
0.2,0.88,-0.0077652446255368586
0.2,0.9,-0.011297718785406936
0.24210526315789474,0.1,0.003606549285186764
0.24210526315789474,0.12000000000000001,0.001997851973437921
0.24210526315789474,0.14,0.007287565436888728
0.24210526315789474,0.16,0.0025894644595610542
0.24210526315789474,0.18,0.0032644040692478174
0.24210526315789474,0.2,0.005747272093900122
0.24210526315789474,0.22,0.0014742795223752596
0.24210526315789474,0.24000000000000002,0.0027024190249137145
0.24210526315789474,0.26,-0.00011529504926980072
0.24210526315789474,0.28,0.0012737718248761252
0.24210526315789474,0.30000000000000004,0.002017329066564996
0.24210526315789474,0.32,-0.00019383369760512557
0.24210526315789474,0.33999999999999997,-0.00199257807401763
0.24210526315789474,0.36,-0.0012639938679203737
0.24210526315789474,0.38,-0.0023561906406797785
0.24210526315789474,0.4,-0.0012763239692723455
0.24210526315789474,0.42000000000000004,-0.0037487985103443
0.24210526315789474,0.44000000000000006,-0.004284553611904778
0.24210526315789474,0.45999999999999996,-0.00451110283745227
0.24210526315789474,0.48,-0.004614226415027137
0.24210526315789474,0.5,-0.005311206689801111
0.24210526315789474,0.52,-0.00497658041299136
0.24210526315789474,0.54,-0.005835448965846993
0.24210526315789474,0.56,-0.006265250568342135
0.24210526315789474,0.58,-0.006146452965871779
0.24210526315789474,0.6,-0.006760602464157364
0.24210526315789474,0.62,-0.006570054191392551
0.24210526315789474,0.64,-0.00913498886814161
0.24210526315789474,0.66,-0.007067365247859351
0.24210526315789474,0.6799999999999999,-0.008753419796992443
0.24210526315789474,0.7,-0.007564693695407667
0.24210526315789474,0.72,-0.009914865231309456
0.24210526315789474,0.74,-0.008855436096065969
0.24210526315789474,0.76,-0.0056699154536479935
0.24210526315789474,0.78,-0.011176019126228958
0.24210526315789474,0.8,-0.0077954707550488755
0.24210526315789474,0.82,-0.00773993280562793
0.24210526315789474,0.84,-0.010431747464409715
0.24210526315789474,0.86,-0.010505144150136942
0.24210526315789474,0.88,-0.00916914262494099
0.24210526315789474,0.9,-0.00419165279357606
0.28421052631578947,0.1,0.005158057998692671
0.28421052631578947,0.12000000000000001,0.007741557426239698
0.28421052631578947,0.14,0.007074803775075054
0.28421052631578947,0.16,0.006583188775201146
0.28421052631578947,0.18,0.0017616097482895516
0.28421052631578947,0.2,0.006029663389825802
0.28421052631578947,0.22,0.0006922561540624714
0.28421052631578947,0.24000000000000002,0.0020839211489695674
0.28421052631578947,0.26,0.0007239415591517506
0.28421052631578947,0.28,0.0006821623168673191
0.28421052631578947,0.30000000000000004,0.0004726371927261052
0.28421052631578947,0.32,0.00016305929141580356
0.28421052631578947,0.33999999999999997,-0.0018979820793113237
0.28421052631578947,0.36,-0.002879017146973455
0.28421052631578947,0.38,-0.003819567970746838
0.28421052631578947,0.4,-0.005641611449213733
0.28421052631578947,0.42000000000000004,-0.004349072685263084
0.28421052631578947,0.44000000000000006,-0.004772276118314168
0.28421052631578947,0.45999999999999996,-0.006132465585253213
0.28421052631578947,0.48,-0.006978303053629706
0.28421052631578947,0.5,-0.007267949741641824
0.28421052631578947,0.52,-0.007430570852612919
0.28421052631578947,0.54,-0.008609870432796908
0.28421052631578947,0.56,-0.009094335608025042
0.28421052631578947,0.58,-0.008513959862744868
0.28421052631578947,0.6,-0.010328107825672487
0.28421052631578947,0.62,-0.010632687145961647
0.28421052631578947,0.64,-0.01000448182815655
0.28421052631578947,0.66,-0.01245547391754264
0.28421052631578947,0.6799999999999999,-0.012384700731984971
0.28421052631578947,0.7,-0.012430280651812209
0.28421052631578947,0.72,-0.012701079192776129
0.28421052631578947,0.74,-0.013012252060328536
0.28421052631578947,0.76,-0.011888100881706746
0.28421052631578947,0.78,-0.013112758402600377
0.28421052631578947,0.8,-0.012055546472353301
0.28421052631578947,0.82,-0.009296840889828151
0.28421052631578947,0.84,-0.01634172591926031
0.28421052631578947,0.86,-0.016016930612236323
0.28421052631578947,0.88,-0.01380837315275389
0.28421052631578947,0.9,-0.011655761719231812
0.3263157894736842,0.1,0.015297492590509994
0.3263157894736842,0.12000000000000001,0.01309281724805146
0.3263157894736842,0.14,0.008313254391254443
0.3263157894736842,0.16,0.004585249713242451
0.3263157894736842,0.18,0.008458677578046797
0.3263157894736842,0.2,0.007493209389461227
0.3263157894736842,0.22,0.005598025829581919
0.3263157894736842,0.24000000000000002,0.004092010089962529
0.3263157894736842,0.26,0.0007558546119687353
0.3263157894736842,0.28,-0.0009463783168348383
0.3263157894736842,0.30000000000000004,0.002830169309072597
0.3263157894736842,0.32,-0.0025143977311567665
0.3263157894736842,0.33999999999999997,-0.0013252340823037914
0.3263157894736842,0.36,-0.0031288099935125623
0.3263157894736842,0.38,-0.003755181456749691
0.3263157894736842,0.4,-0.004935917019512174
0.3263157894736842,0.42000000000000004,-0.007069482575359682
0.3263157894736842,0.44000000000000006,-0.006232473633984784
0.3263157894736842,0.45999999999999996,-0.007845817688012156
0.3263157894736842,0.48,-0.008292836946071226
0.3263157894736842,0.5,-0.00999180018397896
0.3263157894736842,0.52,-0.009287719390854305
0.3263157894736842,0.54,-0.011030376706549622
0.3263157894736842,0.56,-0.011318375727036712
0.3263157894736842,0.58,-0.011668436725863948
0.3263157894736842,0.6,-0.01333848192877781
0.3263157894736842,0.62,-0.0116384400370134
0.3263157894736842,0.64,-0.013750821395676679
0.3263157894736842,0.66,-0.014019248794705228
0.3263157894736842,0.6799999999999999,-0.01623928578942727
0.3263157894736842,0.7,-0.014318005005898273
0.3263157894736842,0.72,-0.014746782225220951
0.3263157894736842,0.74,-0.017333707321448948
0.3263157894736842,0.76,-0.016980799341046335
0.3263157894736842,0.78,-0.014952561411958826
0.3263157894736842,0.8,-0.016767188016507666
0.3263157894736842,0.82,-0.015154629796493516
0.3263157894736842,0.84,-0.01644251794781251
0.3263157894736842,0.86,-0.019466149085273807
0.3263157894736842,0.88,-0.01492308030273024
0.3263157894736842,0.9,-0.017537558109876415
0.368421052631579,0.1,0.013652775511632364
0.368421052631579,0.12000000000000001,0.012725216003071539
0.368421052631579,0.14,0.012958190483979209
0.368421052631579,0.16,0.010308424053716181
0.368421052631579,0.18,0.010431096549201033
0.368421052631579,0.2,0.010979137607437245
0.368421052631579,0.22,0.005044564343281773
0.368421052631579,0.24000000000000002,0.0023075225640475407
0.368421052631579,0.26,0.00480097527353186
0.368421052631579,0.28,-0.002888713214945975
0.368421052631579,0.30000000000000004,2.8603922068989986e-05
0.368421052631579,0.32,-0.0006169334673695431
0.368421052631579,0.33999999999999997,-0.0025492653245120017
0.368421052631579,0.36,-0.004954612833567587
0.368421052631579,0.38,-0.004977109868952196
0.368421052631579,0.4,-0.006528652065748785
0.368421052631579,0.42000000000000004,-0.007326269827727769
0.368421052631579,0.44000000000000006,-0.008883232002422367
0.368421052631579,0.45999999999999996,-0.010053567426541173
0.368421052631579,0.48,-0.011031019363913404
0.368421052631579,0.5,-0.011912897793013017
0.368421052631579,0.52,-0.013185002576657884
0.368421052631579,0.54,-0.01480205582374528
0.368421052631579,0.56,-0.01516254129810928
0.368421052631579,0.58,-0.0161308087065989
0.368421052631579,0.6,-0.014924226263891045
0.368421052631579,0.62,-0.018219611619173216
0.368421052631579,0.64,-0.018930780648665987
0.368421052631579,0.66,-0.016491181172389173
0.368421052631579,0.6799999999999999,-0.018169647568807807
0.368421052631579,0.7,-0.02285062049462161
0.368421052631579,0.72,-0.022606394558293934
0.368421052631579,0.74,-0.018210316594546992
0.368421052631579,0.76,-0.019499102747523967
0.368421052631579,0.78,-0.017440773311684157
0.368421052631579,0.8,-0.024005076551064628
0.368421052631579,0.82,-0.021218824012926612
0.368421052631579,0.84,-0.029399265662168106
0.368421052631579,0.86,-0.023842179481293958
0.368421052631579,0.88,-0.023142549017756402
0.368421052631579,0.9,-0.027440298307163834
0.4105263157894737,0.1,0.013174929425342164
0.4105263157894737,0.12000000000000001,0.02044566670099867
0.4105263157894737,0.14,0.011590370976305817
0.4105263157894737,0.16,0.009241145587829269
0.4105263157894737,0.18,0.010419060216977945
0.4105263157894737,0.2,0.0070599577111058595
0.4105263157894737,0.22,0.0017608451892847277
0.4105263157894737,0.24000000000000002,0.001406055301500594
0.4105263157894737,0.26,-0.001434012841658442
0.4105263157894737,0.28,0.002118024675601606
0.4105263157894737,0.30000000000000004,9.765174523642894e-05
0.4105263157894737,0.32,-0.002290474152774491
0.4105263157894737,0.33999999999999997,-0.005042166324931715
0.4105263157894737,0.36,-0.005135346024802008
0.4105263157894737,0.38,-0.008332999635097095
0.4105263157894737,0.4,-0.006215197702257818
0.4105263157894737,0.42000000000000004,-0.009843697841042559
0.4105263157894737,0.44000000000000006,-0.010679817294568622
0.4105263157894737,0.45999999999999996,-0.012714985312019976
0.4105263157894737,0.48,-0.013025560886915857
0.4105263157894737,0.5,-0.01613450568423383
0.4105263157894737,0.52,-0.015174203065194613
0.4105263157894737,0.54,-0.01717928295429419
0.4105263157894737,0.56,-0.018175636537526314
0.4105263157894737,0.58,-0.020703398469357644
0.4105263157894737,0.6,-0.020216341429225508
0.4105263157894737,0.62,-0.024068044203928152
0.4105263157894737,0.64,-0.021802370852569367
0.4105263157894737,0.66,-0.019364859121374308
0.4105263157894737,0.6799999999999999,-0.022358529844953116
0.4105263157894737,0.7,-0.027674633530117555
0.4105263157894737,0.72,-0.023031071123435158
0.4105263157894737,0.74,-0.0270450090484205
0.4105263157894737,0.76,-0.02359529020553856
0.4105263157894737,0.78,-0.02181661350834451
0.4105263157894737,0.8,-0.023290471476882863
0.4105263157894737,0.82,-0.02529231943837641
0.4105263157894737,0.84,-0.030569770478666557
0.4105263157894737,0.86,-0.034746477134705474
0.4105263157894737,0.88,-0.03025348749441686
0.4105263157894737,0.9,-0.02701789371655309
0.45263157894736844,0.1,0.02070770824626756
0.45263157894736844,0.12000000000000001,0.017453115303777317
0.45263157894736844,0.14,0.013459267416734332
0.45263157894736844,0.16,0.010871026938218271
0.45263157894736844,0.18,0.008763129203192575
0.45263157894736844,0.2,0.00805517330346183
0.45263157894736844,0.22,0.011860643514923979
0.45263157894736844,0.24000000000000002,0.008178956826415168
0.45263157894736844,0.26,0.005447886703030512
0.45263157894736844,0.28,-0.0007637294020183276
0.45263157894736844,0.30000000000000004,-0.0007016278485694461
0.45263157894736844,0.32,-0.0042236304150722135
0.45263157894736844,0.33999999999999997,-0.006234407452295025
0.45263157894736844,0.36,-0.005092402157748165
0.45263157894736844,0.38,-0.008440905390536912
0.45263157894736844,0.4,-0.011217330074391392
0.45263157894736844,0.42000000000000004,-0.013442410976480523
0.45263157894736844,0.44000000000000006,-0.01353173355637874
0.45263157894736844,0.45999999999999996,-0.01456208155319083
0.45263157894736844,0.48,-0.016826936792110503
0.45263157894736844,0.5,-0.01831445547560784
0.45263157894736844,0.52,-0.019512278624567666
0.45263157894736844,0.54,-0.020621590613636435
0.45263157894736844,0.56,-0.022046145761102576
0.45263157894736844,0.58,-0.02423816356304336
0.45263157894736844,0.6,-0.023818901015720248
0.45263157894736844,0.62,-0.027310945828821837
0.45263157894736844,0.64,-0.026500240186047148
0.45263157894736844,0.66,-0.028085292973197166
0.45263157894736844,0.6799999999999999,-0.030769560934457145
0.45263157894736844,0.7,-0.032829994834837645
0.45263157894736844,0.72,-0.02845843306023234
0.45263157894736844,0.74,-0.031541964872431515
0.45263157894736844,0.76,-0.030525546200591416
0.45263157894736844,0.78,-0.031599456742103425
0.45263157894736844,0.8,-0.03740136967124571
0.45263157894736844,0.82,-0.03586413480621546
0.45263157894736844,0.84,-0.026255202914433385
0.45263157894736844,0.86,-0.04084078209531998
0.45263157894736844,0.88,-0.039976324078448935
0.45263157894736844,0.9,-0.03870012695589819
0.49473684210526314,0.1,0.023447993102957598
0.49473684210526314,0.12000000000000001,0.029828160003746457
0.49473684210526314,0.14,0.02597980755701911
0.49473684210526314,0.16,0.020290080687879616
0.49473684210526314,0.18,0.02025407578932704
0.49473684210526314,0.2,0.010101536501367898
0.49473684210526314,0.22,0.011874991280853444
0.49473684210526314,0.24000000000000002,0.010033314713692027
0.49473684210526314,0.26,0.00020821498818411865
0.49473684210526314,0.28,0.0009326679059928381
0.49473684210526314,0.30000000000000004,-0.0013805663974609224
0.49473684210526314,0.32,-0.003217674523018103
0.49473684210526314,0.33999999999999997,-0.005056454363129626
0.49473684210526314,0.36,-0.008631752355934788
0.49473684210526314,0.38,-0.010493235664345731
0.49473684210526314,0.4,-0.013881683837964839
0.49473684210526314,0.42000000000000004,-0.01339529762084042
0.49473684210526314,0.44000000000000006,-0.015004968282417671
0.49473684210526314,0.45999999999999996,-0.0185152906839383
0.49473684210526314,0.48,-0.01838638152674617
0.49473684210526314,0.5,-0.021948504386362803
0.49473684210526314,0.52,-0.023649058232231398
0.49473684210526314,0.54,-0.025222584942938723
0.49473684210526314,0.56,-0.028065634547787925
0.49473684210526314,0.58,-0.02971078487851013
0.49473684210526314,0.6,-0.029794450677573144
0.49473684210526314,0.62,-0.03223315487391833
0.49473684210526314,0.64,-0.03102087915604941
0.49473684210526314,0.66,-0.030398405454775002
0.49473684210526314,0.6799999999999999,-0.03205894415794765
0.49473684210526314,0.7,-0.033077646512901536
0.49473684210526314,0.72,-0.036186987309698625
0.49473684210526314,0.74,-0.03987989233436896
0.49473684210526314,0.76,-0.035707935019051534
0.49473684210526314,0.78,-0.03814628300192789
0.49473684210526314,0.8,-0.0323505830103053
0.49473684210526314,0.82,-0.042036603048346055
0.49473684210526314,0.84,-0.0371601501456902
0.49473684210526314,0.86,-0.04852701281763769
0.49473684210526314,0.88,-0.03723271855870475
0.49473684210526314,0.9,-0.041790582863878115
0.5368421052631579,0.1,0.01985740541862131
0.5368421052631579,0.12000000000000001,0.02343844852317033
0.5368421052631579,0.14,0.02456691888263854
0.5368421052631579,0.16,0.024018244559108715
0.5368421052631579,0.18,0.02407711574051284
0.5368421052631579,0.2,0.012720563190675268
0.5368421052631579,0.22,0.008159444926386743
0.5368421052631579,0.24000000000000002,0.007747177952129216
0.5368421052631579,0.26,0.0034749106732730253
0.5368421052631579,0.28,-0.0005179957381216051
0.5368421052631579,0.30000000000000004,-0.00228159788884879
0.5368421052631579,0.32,-0.002604827817271222
0.5368421052631579,0.33999999999999997,-0.00868208253980406
0.5368421052631579,0.36,-0.009780848525291042
0.5368421052631579,0.38,-0.013829258850779921
0.5368421052631579,0.4,-0.014775115575655943
0.5368421052631579,0.42000000000000004,-0.017063795241978184
0.5368421052631579,0.44000000000000006,-0.018479993925554095
0.5368421052631579,0.45999999999999996,-0.02024775760056273
0.5368421052631579,0.48,-0.022947484952200704
0.5368421052631579,0.5,-0.02679748014904272
0.5368421052631579,0.52,-0.027323325213633405
0.5368421052631579,0.54,-0.028227731931698353
0.5368421052631579,0.56,-0.03200256217544508
0.5368421052631579,0.58,-0.03436976102010151
0.5368421052631579,0.6,-0.03692730149036402
0.5368421052631579,0.62,-0.03767477604037646
0.5368421052631579,0.64,-0.034746679876754255
0.5368421052631579,0.66,-0.04072816493535772
0.5368421052631579,0.6799999999999999,-0.04341407890206303
0.5368421052631579,0.7,-0.039594714484502205
0.5368421052631579,0.72,-0.0417126236924412
0.5368421052631579,0.74,-0.04413905660548812
0.5368421052631579,0.76,-0.05286968195390379
0.5368421052631579,0.78,-0.040204168443803985
0.5368421052631579,0.8,-0.0523605118641247
0.5368421052631579,0.82,-0.0451778684259279
0.5368421052631579,0.84,-0.05646182486495157
0.5368421052631579,0.86,-0.05120111478979497
0.5368421052631579,0.88,-0.041912362859903414
0.5368421052631579,0.9,-0.055131678790782665
0.5789473684210527,0.1,0.031077110949089267
0.5789473684210527,0.12000000000000001,0.027586160986698107
0.5789473684210527,0.14,0.02093863974901096
0.5789473684210527,0.16,0.016967794215134804
0.5789473684210527,0.18,0.023207157123289284
0.5789473684210527,0.2,0.013616175314148231
0.5789473684210527,0.22,0.015176156395218044
0.5789473684210527,0.24000000000000002,0.01394541946952286
0.5789473684210527,0.26,0.00944850521518174
0.5789473684210527,0.28,1.5625005856576556e-06
0.5789473684210527,0.30000000000000004,-0.005251600926648719
0.5789473684210527,0.32,-0.005978086648441371
0.5789473684210527,0.33999999999999997,-0.009636083762062693
0.5789473684210527,0.36,-0.011626771780366972
0.5789473684210527,0.38,-0.015560364364963955
0.5789473684210527,0.4,-0.017514345599040155
0.5789473684210527,0.42000000000000004,-0.020059489926717473
0.5789473684210527,0.44000000000000006,-0.02187650501877279
0.5789473684210527,0.45999999999999996,-0.025374350185631896
0.5789473684210527,0.48,-0.028273343554525647
0.5789473684210527,0.5,-0.027322664291768717
0.5789473684210527,0.52,-0.031214356918950772
0.5789473684210527,0.54,-0.033966260363955426
0.5789473684210527,0.56,-0.03565710386112951
0.5789473684210527,0.58,-0.037949379332144234
0.5789473684210527,0.6,-0.04066259031040816
0.5789473684210527,0.62,-0.04327168972818449
0.5789473684210527,0.64,-0.04253018917701237
0.5789473684210527,0.66,-0.044038483953654124
0.5789473684210527,0.6799999999999999,-0.04484076009623071
0.5789473684210527,0.7,-0.05292013037276302
0.5789473684210527,0.72,-0.04597918979112421
0.5789473684210527,0.74,-0.05090179952788643
0.5789473684210527,0.76,-0.04471688384475375
0.5789473684210527,0.78,-0.053766278125587944
0.5789473684210527,0.8,-0.0546709750452211
0.5789473684210527,0.82,-0.0594410938336991
0.5789473684210527,0.84,-0.05679296044122087
0.5789473684210527,0.86,-0.05344832183405218
0.5789473684210527,0.88,-0.05580698417106282
0.5789473684210527,0.9,-0.056284429387040466
0.6210526315789473,0.1,0.03405199847990886
0.6210526315789473,0.12000000000000001,0.024327147873506823
0.6210526315789473,0.14,0.03671343621081719
0.6210526315789473,0.16,0.0177838356718319
0.6210526315789473,0.18,0.019691024593352053
0.6210526315789473,0.2,0.012859103859774648
0.6210526315789473,0.22,0.010164141753766433
0.6210526315789473,0.24000000000000002,0.009335000611922705
0.6210526315789473,0.26,0.0042181789649244515
0.6210526315789473,0.28,0.00478411074572611
0.6210526315789473,0.30000000000000004,-0.0032740464360150943
0.6210526315789473,0.32,-0.005778325549441892
0.6210526315789473,0.33999999999999997,-0.011159707506768975
0.6210526315789473,0.36,-0.013749440591955072
0.6210526315789473,0.38,-0.016161549710944374
0.6210526315789473,0.4,-0.021193859823581785
0.6210526315789473,0.42000000000000004,-0.02362368002125413
0.6210526315789473,0.44000000000000006,-0.02669903786496164
0.6210526315789473,0.45999999999999996,-0.025709070932728836
0.6210526315789473,0.48,-0.03305590992035587
0.6210526315789473,0.5,-0.03308666769821989
0.6210526315789473,0.52,-0.035105372274432264
0.6210526315789473,0.54,-0.03813547733569034
0.6210526315789473,0.56,-0.0394174711269832
0.6210526315789473,0.58,-0.044659336679515375
0.6210526315789473,0.6,-0.051396131604959205
0.6210526315789473,0.62,-0.04459111327087377
0.6210526315789473,0.64,-0.04259959140895337
0.6210526315789473,0.66,-0.04937099429071336
0.6210526315789473,0.6799999999999999,-0.05586419233142312
0.6210526315789473,0.7,-0.05726173290952306
0.6210526315789473,0.72,-0.0543880681819702
0.6210526315789473,0.74,-0.06127483816394162
0.6210526315789473,0.76,-0.052307817577058775
0.6210526315789473,0.78,-0.05866608171863376
0.6210526315789473,0.8,-0.062958776698754
0.6210526315789473,0.82,-0.05558679869019996
0.6210526315789473,0.84,-0.06108553647764963
0.6210526315789473,0.86,-0.07042510251227528
0.6210526315789473,0.88,-0.06307741016436533
0.6210526315789473,0.9,-0.06406644244725493
0.6631578947368422,0.1,0.04661756763643682
0.6631578947368422,0.12000000000000001,0.035239234549511465
0.6631578947368422,0.14,0.03846857650116091
0.6631578947368422,0.16,0.02319745669727719
0.6631578947368422,0.18,0.022643142116166453
0.6631578947368422,0.2,0.020765214320382176
0.6631578947368422,0.22,0.01797240861593412
0.6631578947368422,0.24000000000000002,0.015001368766133063
0.6631578947368422,0.26,0.0012059732883021328
0.6631578947368422,0.28,-0.007883987810895422
0.6631578947368422,0.30000000000000004,-0.002562123695540703
0.6631578947368422,0.32,-0.008904240317097724
0.6631578947368422,0.33999999999999997,-0.01089091624090651
0.6631578947368422,0.36,-0.017330018285050406
0.6631578947368422,0.38,-0.016662888572515216
0.6631578947368422,0.4,-0.026632843910824364
0.6631578947368422,0.42000000000000004,-0.025290302152945046
0.6631578947368422,0.44000000000000006,-0.03256120756478568
0.6631578947368422,0.45999999999999996,-0.03221083125414986
0.6631578947368422,0.48,-0.036436267270059226
0.6631578947368422,0.5,-0.0372888558049972
0.6631578947368422,0.52,-0.04185880943087518
0.6631578947368422,0.54,-0.04540732560577378
0.6631578947368422,0.56,-0.051458425705163575
0.6631578947368422,0.58,-0.05001513588230156
0.6631578947368422,0.6,-0.053756711180615376
0.6631578947368422,0.62,-0.0536731307593966
0.6631578947368422,0.64,-0.06184856564964943
0.6631578947368422,0.66,-0.054277220710358086
0.6631578947368422,0.6799999999999999,-0.058227167490818854
0.6631578947368422,0.7,-0.0695018254066734
0.6631578947368422,0.72,-0.06864445705974052
0.6631578947368422,0.74,-0.06238183381576164
0.6631578947368422,0.76,-0.06443640766039738
0.6631578947368422,0.78,-0.0684112272808265
0.6631578947368422,0.8,-0.07004433070940977
0.6631578947368422,0.82,-0.06981694363394761
0.6631578947368422,0.84,-0.06948707590254306
0.6631578947368422,0.86,-0.06942043146185306
0.6631578947368422,0.88,-0.0660361141676915
0.6631578947368422,0.9,-0.06439124349007831
0.7052631578947368,0.1,0.03840400615054361
0.7052631578947368,0.12000000000000001,0.0459277948697452
0.7052631578947368,0.14,0.03395254805175807
0.7052631578947368,0.16,0.02772755170175462
0.7052631578947368,0.18,0.022127293670768326
0.7052631578947368,0.2,0.013107406308523991
0.7052631578947368,0.22,0.007225225449507583
0.7052631578947368,0.24000000000000002,0.00669183299379096
0.7052631578947368,0.26,0.007250081824640976
0.7052631578947368,0.28,-0.00910061467877933
0.7052631578947368,0.30000000000000004,-0.012495357764337725
0.7052631578947368,0.32,-0.011628172659390347
0.7052631578947368,0.33999999999999997,-0.010447107994485626
0.7052631578947368,0.36,-0.020102679379597765
0.7052631578947368,0.38,-0.021332393291518575
0.7052631578947368,0.4,-0.026451966869059613
0.7052631578947368,0.42000000000000004,-0.03049539905527169
0.7052631578947368,0.44000000000000006,-0.03479297051692014
0.7052631578947368,0.45999999999999996,-0.036594106854909984
0.7052631578947368,0.48,-0.04071182543758514
0.7052631578947368,0.5,-0.04187467261500885
0.7052631578947368,0.52,-0.042548434941043475
0.7052631578947368,0.54,-0.04938832209909139
0.7052631578947368,0.56,-0.05074413370611256
0.7052631578947368,0.58,-0.05338066781607308
0.7052631578947368,0.6,-0.059008254457820854
0.7052631578947368,0.62,-0.05858300099866518
0.7052631578947368,0.64,-0.06284182139257916
0.7052631578947368,0.66,-0.06675224243635208
0.7052631578947368,0.6799999999999999,-0.06584120551563456
0.7052631578947368,0.7,-0.06670205856818746
0.7052631578947368,0.72,-0.06946777376562992
0.7052631578947368,0.74,-0.07312114925254412
0.7052631578947368,0.76,-0.06371049606106627
0.7052631578947368,0.78,-0.0747164048150535
0.7052631578947368,0.8,-0.07569566743754629
0.7052631578947368,0.82,-0.0780296282518382
0.7052631578947368,0.84,-0.07679606443256981
0.7052631578947368,0.86,-0.08157809740267355
0.7052631578947368,0.88,-0.0764289889440805
0.7052631578947368,0.9,-0.0840234078815001
0.7473684210526317,0.1,0.059940410506826323
0.7473684210526317,0.12000000000000001,0.048758174859299425
0.7473684210526317,0.14,0.04168742431064752
0.7473684210526317,0.16,0.036762106140118114
0.7473684210526317,0.18,0.031232887519527245
0.7473684210526317,0.2,0.015342980849242432
0.7473684210526317,0.22,0.020011439948324987
0.7473684210526317,0.24000000000000002,0.0030736354189393896
0.7473684210526317,0.26,0.001961835868477691
0.7473684210526317,0.28,-0.0045264046316571774
0.7473684210526317,0.30000000000000004,-0.007901209249944644
0.7473684210526317,0.32,-0.01597707570469595
0.7473684210526317,0.33999999999999997,-0.016066526578464545
0.7473684210526317,0.36,-0.020402746081711776
0.7473684210526317,0.38,-0.02273684032442565
0.7473684210526317,0.4,-0.032267679875444114
0.7473684210526317,0.42000000000000004,-0.03259299113123711
0.7473684210526317,0.44000000000000006,-0.03563313873720134
0.7473684210526317,0.45999999999999996,-0.04215020427417439
0.7473684210526317,0.48,-0.04704874153511181
0.7473684210526317,0.5,-0.048672964264928224
0.7473684210526317,0.52,-0.05231395024501265
0.7473684210526317,0.54,-0.05659481837621791
0.7473684210526317,0.56,-0.057885988432483895
0.7473684210526317,0.58,-0.06128661700138523
0.7473684210526317,0.6,-0.06247411180237021
0.7473684210526317,0.62,-0.07181126221879842
0.7473684210526317,0.64,-0.06449738214616905
0.7473684210526317,0.66,-0.0752416010971751
0.7473684210526317,0.6799999999999999,-0.08339818522772048
0.7473684210526317,0.7,-0.07872490978347785
0.7473684210526317,0.72,-0.07519214286937066
0.7473684210526317,0.74,-0.08164721089767656
0.7473684210526317,0.76,-0.08487173414035803
0.7473684210526317,0.78,-0.08596197067579939
0.7473684210526317,0.8,-0.08336025226965778
0.7473684210526317,0.82,-0.0877043925681042
0.7473684210526317,0.84,-0.09841019737977955
0.7473684210526317,0.86,-0.08610035169271499
0.7473684210526317,0.88,-0.09185026616243362
0.7473684210526317,0.9,-0.09125846500682207
0.7894736842105263,0.1,0.06427589310127073
0.7894736842105263,0.12000000000000001,0.058569617031471
0.7894736842105263,0.14,0.039168524448621345
0.7894736842105263,0.16,0.029743008099595073
0.7894736842105263,0.18,0.026847881242462197
0.7894736842105263,0.2,0.023065609258644662
0.7894736842105263,0.22,0.013457067110612552
0.7894736842105263,0.24000000000000002,0.012735792727107353
0.7894736842105263,0.26,0.017991748924252857
0.7894736842105263,0.28,-0.002820832881947841
0.7894736842105263,0.30000000000000004,-0.008626814710007416
0.7894736842105263,0.32,-0.015874330766130422
0.7894736842105263,0.33999999999999997,-0.014474345095586028
0.7894736842105263,0.36,-0.024377090122935652
0.7894736842105263,0.38,-0.02389711694642047
0.7894736842105263,0.4,-0.031365394098616585
0.7894736842105263,0.42000000000000004,-0.03721776402436005
0.7894736842105263,0.44000000000000006,-0.04155991886431459
0.7894736842105263,0.45999999999999996,-0.0455034391339144
0.7894736842105263,0.48,-0.04894789460553507
0.7894736842105263,0.5,-0.05544837349392108
0.7894736842105263,0.52,-0.05392049490247032
0.7894736842105263,0.54,-0.06666172584653061
0.7894736842105263,0.56,-0.06271877154114465
0.7894736842105263,0.58,-0.06834675540975266
0.7894736842105263,0.6,-0.07145871870934199
0.7894736842105263,0.62,-0.07404366089805269
0.7894736842105263,0.64,-0.07461579736354204
0.7894736842105263,0.66,-0.07432280747059425
0.7894736842105263,0.6799999999999999,-0.08163819187744056
0.7894736842105263,0.7,-0.08255712143081632
0.7894736842105263,0.72,-0.08337123545561148
0.7894736842105263,0.74,-0.08978146422715111
0.7894736842105263,0.76,-0.09327571582775472
0.7894736842105263,0.78,-0.09752146470565212
0.7894736842105263,0.8,-0.09667783568012382
0.7894736842105263,0.82,-0.101048679800298
0.7894736842105263,0.84,-0.09320967621374075
0.7894736842105263,0.86,-0.09548886881811905
0.7894736842105263,0.88,-0.0993591610251283
0.7894736842105263,0.9,-0.10023188917148494
0.831578947368421,0.1,0.0577506558073272
0.831578947368421,0.12000000000000001,0.04759883292722523
0.831578947368421,0.14,0.054050406465426304
0.831578947368421,0.16,0.04226805349007436
0.831578947368421,0.18,0.035165618165992646
0.831578947368421,0.2,0.02861810460113531
0.831578947368421,0.22,0.004154737091147395
0.831578947368421,0.24000000000000002,0.013492565834429284
0.831578947368421,0.26,0.008308373081863368
0.831578947368421,0.28,-0.0022426471031522614
0.831578947368421,0.30000000000000004,-0.005907926866977071
0.831578947368421,0.32,-0.019605444901498983
0.831578947368421,0.33999999999999997,-0.021381884793320864
0.831578947368421,0.36,-0.03105983935671103
0.831578947368421,0.38,-0.03372657982479228
0.831578947368421,0.4,-0.034656618108491175
0.831578947368421,0.42000000000000004,-0.04242243437290347
0.831578947368421,0.44000000000000006,-0.043688107029951476
0.831578947368421,0.45999999999999996,-0.05087183023082295
0.831578947368421,0.48,-0.052641702376066024
0.831578947368421,0.5,-0.06208093200570451
0.831578947368421,0.52,-0.0660938416893923
0.831578947368421,0.54,-0.07271062848663665
0.831578947368421,0.56,-0.07936174759120566
0.831578947368421,0.58,-0.07417464960791187
0.831578947368421,0.6,-0.07721228793145095
0.831578947368421,0.62,-0.07711648913410137
0.831578947368421,0.64,-0.08514804350883458
0.831578947368421,0.66,-0.08803752614473147
0.831578947368421,0.6799999999999999,-0.09326413241264081
0.831578947368421,0.7,-0.09937921103901289
0.831578947368421,0.72,-0.1013077104647528
0.831578947368421,0.74,-0.1030229460087691
0.831578947368421,0.76,-0.09153135999825351
0.831578947368421,0.78,-0.09656581730405292
0.831578947368421,0.8,-0.0887240816123587
0.831578947368421,0.82,-0.10986269896567183
0.831578947368421,0.84,-0.10892018738718946
0.831578947368421,0.86,-0.10651822127879504
0.831578947368421,0.88,-0.10325194402665326
0.831578947368421,0.9,-0.10588716548167056
0.8736842105263158,0.1,0.09224040945058182
0.8736842105263158,0.12000000000000001,0.06504000293465688
0.8736842105263158,0.14,0.05694105166372651
0.8736842105263158,0.16,0.04393153133907023
0.8736842105263158,0.18,0.03881250560172673
0.8736842105263158,0.2,0.02686375996192831
0.8736842105263158,0.22,0.005460640623526279
0.8736842105263158,0.24000000000000002,0.011420510950809837
0.8736842105263158,0.26,-8.823740485352305e-05
0.8736842105263158,0.28,-0.0017635695904193334
0.8736842105263158,0.30000000000000004,-0.008884636190978974
0.8736842105263158,0.32,-0.011473857557917334
0.8736842105263158,0.33999999999999997,-0.02546523885129926
0.8736842105263158,0.36,-0.027992482970252093
0.8736842105263158,0.38,-0.03790892871856688
0.8736842105263158,0.4,-0.03812877584394496
0.8736842105263158,0.42000000000000004,-0.04802515065668533
0.8736842105263158,0.44000000000000006,-0.05228303179955684
0.8736842105263158,0.45999999999999996,-0.05225978915091671
0.8736842105263158,0.48,-0.05966926555529047
0.8736842105263158,0.5,-0.06287972850498719
0.8736842105263158,0.52,-0.06961262012854584
0.8736842105263158,0.54,-0.06842256924341637
0.8736842105263158,0.56,-0.08051833501505382
0.8736842105263158,0.58,-0.0846875170482859
0.8736842105263158,0.6,-0.09257416410977486
0.8736842105263158,0.62,-0.0869364280034086
0.8736842105263158,0.64,-0.1004542884092599
0.8736842105263158,0.66,-0.09802754796291699
0.8736842105263158,0.6799999999999999,-0.09295055313342991
0.8736842105263158,0.7,-0.09391630960933217
0.8736842105263158,0.72,-0.11070764792625686
0.8736842105263158,0.74,-0.11480433859236366
0.8736842105263158,0.76,-0.11318575980070619
0.8736842105263158,0.78,-0.11215994107198833
0.8736842105263158,0.8,-0.10727704449808087
0.8736842105263158,0.82,-0.10711300801959706
0.8736842105263158,0.84,-0.10173777590633953
0.8736842105263158,0.86,-0.11815711843817213
0.8736842105263158,0.88,-0.11659921397633674
0.8736842105263158,0.9,-0.12469175877240503
0.9157894736842105,0.1,0.08331389299126554
0.9157894736842105,0.12000000000000001,0.06489012963874069
0.9157894736842105,0.14,0.05488395383652066
0.9157894736842105,0.16,0.052361657729923794
0.9157894736842105,0.18,0.028874807253873248
0.9157894736842105,0.2,0.03852797468521327
0.9157894736842105,0.22,0.02013926051166286
0.9157894736842105,0.24000000000000002,0.004650744242876387
0.9157894736842105,0.26,0.008406335633986954
0.9157894736842105,0.28,-0.002682698732884054
0.9157894736842105,0.30000000000000004,-0.015126685339606937
0.9157894736842105,0.32,-0.017895810769622444
0.9157894736842105,0.33999999999999997,-0.022445030424315802
0.9157894736842105,0.36,-0.03272437833004571
0.9157894736842105,0.38,-0.040543850594589315
0.9157894736842105,0.4,-0.04365599461172501
0.9157894736842105,0.42000000000000004,-0.04881670950791809
0.9157894736842105,0.44000000000000006,-0.05405357996480923
0.9157894736842105,0.45999999999999996,-0.06173083727357016
0.9157894736842105,0.48,-0.06479602891481855
0.9157894736842105,0.5,-0.07596241822852683
0.9157894736842105,0.52,-0.07615876569156041
0.9157894736842105,0.54,-0.08277163761844894
0.9157894736842105,0.56,-0.08259666404622885
0.9157894736842105,0.58,-0.0877354262305428
0.9157894736842105,0.6,-0.09467198709109446
0.9157894736842105,0.62,-0.09272927212340659
0.9157894736842105,0.64,-0.09754150851721931
0.9157894736842105,0.66,-0.11085334901700844
0.9157894736842105,0.6799999999999999,-0.10250576276817185
0.9157894736842105,0.7,-0.10588897500732324
0.9157894736842105,0.72,-0.10536019063267563
0.9157894736842105,0.74,-0.11861595218917792
0.9157894736842105,0.76,-0.12493502391091026
0.9157894736842105,0.78,-0.12205646241780735
0.9157894736842105,0.8,-0.12568997911887628
0.9157894736842105,0.82,-0.13586454932372025
0.9157894736842105,0.84,-0.1304960245526284
0.9157894736842105,0.86,-0.11447968421105989
0.9157894736842105,0.88,-0.12551072530513538
0.9157894736842105,0.9,-0.12541654780101447
0.9578947368421054,0.1,0.0757061025791173
0.9578947368421054,0.12000000000000001,0.07604111184538655
0.9578947368421054,0.14,0.051570749198743666
0.9578947368421054,0.16,0.05092506052507272
0.9578947368421054,0.18,0.04207303082037722
0.9578947368421054,0.2,0.03346085144008713
0.9578947368421054,0.22,0.019701060389694516
0.9578947368421054,0.24000000000000002,0.012851231307045486
0.9578947368421054,0.26,0.0007407054848179823
0.9578947368421054,0.28,-0.004464814769941228
0.9578947368421054,0.30000000000000004,-0.014991061926963707
0.9578947368421054,0.32,-0.02139766687294693
0.9578947368421054,0.33999999999999997,-0.03055450195335519
0.9578947368421054,0.36,-0.03462927745905165
0.9578947368421054,0.38,-0.04239719474865262
0.9578947368421054,0.4,-0.045556727299855715
0.9578947368421054,0.42000000000000004,-0.05977457372662452
0.9578947368421054,0.44000000000000006,-0.06012551621631889
0.9578947368421054,0.45999999999999996,-0.06400424975937834
0.9578947368421054,0.48,-0.07655239684101164
0.9578947368421054,0.5,-0.07790792018454687
0.9578947368421054,0.52,-0.08133785684710693
0.9578947368421054,0.54,-0.09095912424596611
0.9578947368421054,0.56,-0.09508607764974832
0.9578947368421054,0.58,-0.09192781205083236
0.9578947368421054,0.6,-0.09961874574757787
0.9578947368421054,0.62,-0.11079305944144432
0.9578947368421054,0.64,-0.10779970036116547
0.9578947368421054,0.66,-0.10772902609012272
0.9578947368421054,0.6799999999999999,-0.12659559220642014
0.9578947368421054,0.7,-0.11103352467025299
0.9578947368421054,0.72,-0.12356657933481366
0.9578947368421054,0.74,-0.12716506787457707
0.9578947368421054,0.76,-0.13502228164644134
0.9578947368421054,0.78,-0.12351772778435685
0.9578947368421054,0.8,-0.11743922573494223
0.9578947368421054,0.82,-0.14083914688809546
0.9578947368421054,0.84,-0.13616218895001114
0.9578947368421054,0.86,-0.15190968825462878
0.9578947368421054,0.88,-0.13240514003240192
0.9578947368421054,0.9,-0.14139387827232752
1.0,0.1,0.07950197003123396
1.0,0.12000000000000001,0.08740192030372
1.0,0.14,0.06290817399002395
1.0,0.16,0.04637079444664947
1.0,0.18,0.03565095650184878
1.0,0.2,0.03526375480762186
1.0,0.22,0.029398245524718456
1.0,0.24000000000000002,0.007490344908862648
1.0,0.26,-0.0008624675418385453
1.0,0.28,-0.006859197839069644
1.0,0.30000000000000004,-0.012574722801098559
1.0,0.32,-0.018526240751862957
1.0,0.33999999999999997,-0.029045416362026982
1.0,0.36,-0.03899357598998997
1.0,0.38,-0.04529586007831324
1.0,0.4,-0.05261382957756449
1.0,0.42000000000000004,-0.06129637437570065
1.0,0.44000000000000006,-0.07296306044606433
1.0,0.45999999999999996,-0.07332619843295683
1.0,0.48,-0.07579897725963473
1.0,0.5,-0.07913669307936155
1.0,0.52,-0.08840336419812629
1.0,0.54,-0.09453187279528867
1.0,0.56,-0.1012014469085778
1.0,0.58,-0.1032379523895661
1.0,0.6,-0.11783611297442144
1.0,0.62,-0.11647232383555853
1.0,0.64,-0.13054905672122033
1.0,0.66,-0.12713484669626782
1.0,0.6799999999999999,-0.12051699878359594
1.0,0.7,-0.13279243591457288
1.0,0.72,-0.13167692876096065
1.0,0.74,-0.13814602105818063
1.0,0.76,-0.13449699457824063
1.0,0.78,-0.1409135571839668
1.0,0.8,-0.14409246554738514
1.0,0.82,-0.14927410946126485
1.0,0.84,-0.14190331361130779
1.0,0.86,-0.13748996064845778
1.0,0.88,-0.1426834247463016
1.0,0.9,-0.13348949524135445
