date,price,il,regime
2024-02-13,2642.185302734375,0.0,
2024-02-14,2777.90234375,-0.0003135409284381607,
2024-02-15,2824.37890625,-0.0005555562050754137,
2024-02-16,2803.69140625,-0.0004398532414554568,
2024-02-17,2786.672607421875,-0.0003542332806837356,
2024-02-18,2878.998046875,-0.000920270893116526,
2024-02-19,2943.57470703125,-0.0014567259571711677,
2024-02-20,3013.503662109375,-0.0021575485342643086,
2024-02-21,2970.35546875,-0.0017108851353277998,
2024-02-22,2971.00732421875,-0.0017172952477005898,
2024-02-23,2921.658203125,-0.0012623325907036298,
2024-02-24,2992.385986328125,-0.001933313324059438,
2024-02-25,3112.697265625,-0.0033478500498775876,
2024-02-26,3178.99365234375,-0.004261013224251542,
2024-02-27,3244.519287109375,-0.005248575707383241,
2024-02-28,3385.703857421875,-0.007636326540498173,
2024-02-29,3341.919677734375,-0.006860096537928184,
2024-03-01,3435.053955078125,-0.008547119788644308,
2024-03-02,3422.0498046875,-0.008303536366004116,
2024-03-03,3490.99365234375,-0.009623048585850613,
2024-03-04,3630.433837890625,-0.012488922272943292,
2024-03-05,3554.964599609375,-0.010906675690497858,
2024-03-06,3819.226318359375,-0.016731965652826197,
2024-03-07,3874.34765625,-0.0180387952693275,
2024-03-08,3892.06103515625,-0.018464639747916567,
2024-03-09,3915.4189453125,-0.019030403376996463,
2024-03-10,3881.193115234375,-0.01820303422062619,
2024-03-11,4066.445068359375,-0.022796029482602287,
2024-03-12,3980.273193359375,-0.020625420048987597,
2024-03-13,4006.45703125,-0.021279001994719104,
2024-03-14,3883.140380859375,-0.018249830370489772,Low
2024-03-15,3735.22021484375,-0.014797048214208464,Low
2024-03-16,3522.860107421875,-0.010255605199209206,Low
2024-03-17,3642.4130859375,-0.012746457083194995,Low
2024-03-18,3517.985107421875,-0.010157939663003268,Low
2024-03-19,3157.6181640625,-0.0039568330199672985,Medium
2024-03-20,3513.39306640625,-0.010066236352457514,High
2024-03-21,3492.9912109375,-0.009662290674900209,High
2024-03-22,3333.68798828125,-0.006717631182427963,High
2024-03-23,3336.593994140625,-0.006767797520041197,High
2024-03-24,3454.636474609375,-0.00891863790530123,High
2024-03-25,3590.8837890625,-0.011650911378247919,High
2024-03-26,3587.5048828125,-0.011580207236814077,High
2024-03-27,3500.115234375,-0.009802692530219037,High
2024-03-28,3561.2939453125,-0.011036623971904969,High
2024-03-29,3511.80615234375,-0.0100346120506839,High
2024-03-30,3507.9443359375,-0.009957796247880846,High
2024-03-31,3647.8564453125,-0.012864038701175362,High
2024-04-01,3505.030029296875,-0.009899962229011683,High
2024-04-02,3277.234619140625,-0.005771406539922808,High
2024-04-03,3311.44189453125,-0.006338267567253308,High
2024-04-04,3330.04052734375,-0.006654863266356892,High
2024-04-05,3318.88525390625,-0.00646427379400194,Medium
2024-04-06,3354.183837890625,-0.007074412774327965,Medium
2024-04-07,3453.49462890625,-0.008896821154659396,High
2024-04-08,3695.292724609375,-0.013903110760602022,High
2024-04-09,3505.163330078125,-0.009902605028747291,High
2024-04-10,3543.737060546875,-0.0106774412700954,High
2024-04-11,3505.247802734375,-0.009904279895949553,High
2024-04-12,3243.034912109375,-0.005225312657460179,High
2024-04-13,3004.900390625,-0.002064909925916125,High
2024-04-14,3156.94189453125,-0.003947358524698741,High
2024-04-15,3101.600341796875,-0.003203909574182595,High
2024-04-16,3084.920166015625,-0.0029925222681812524,High
2024-04-17,2984.7275390625,-0.0018546450440019013,High
2024-04-18,3066.027587890625,-0.0027604385322951286,High
2024-04-19,3059.278564453125,-0.002679451032336466,Medium
2024-04-20,3157.627197265625,-0.003956959636954083,Medium
2024-04-21,3147.28857421875,-0.003813124360906861,Medium
2024-04-22,3201.652099609375,-0.004593259183126586,Medium
2024-04-23,3219.91162109375,-0.004868181034643815,Medium
2024-04-24,3139.80517578125,-0.003710369291826665,Medium
2024-04-25,3156.509521484375,-0.00394130583490615,Medium
2024-04-26,3130.164794921875,-0.003579693439393905,Medium
2024-04-27,3252.168212890625,-0.005369086875145479,Medium
2024-04-28,3262.774658203125,-0.005537949008920684,Medium
2024-04-29,3215.428955078125,-0.004800103014077073,Medium
2024-04-30,3012.286865234375,-0.0021443397057382407,Medium
2024-05-01,2969.78466796875,-0.001705280734078718,Medium
2024-05-02,2988.16845703125,-0.0018898142014051045,Medium
2024-05-03,3103.5419921875,-0.0032289055677235945,Medium
2024-05-04,3117.576416015625,-0.0034119654108317743,Medium
2024-05-05,3137.2490234375,-0.003675533687168886,Medium
2024-05-06,3062.728759765625,-0.002720725657108569,Medium
2024-05-07,3006.5771484375,-0.002082826989024067,Medium
2024-05-08,2973.6572265625,-0.0017434617034199906,Low
2024-05-09,3036.0205078125,-0.002408241707288039,Low
2024-05-10,2909.791259765625,-0.001162301434132318,Low
2024-05-11,2911.60205078125,-0.0011773251393008,Low
2024-05-12,2928.701904296875,-0.0013234524282317306,Low
2024-05-13,2949.359619140625,-0.0015100947766866213,Low
2024-05-14,2881.157958984375,-0.000936409354978962,Low
2024-05-15,3037.056640625,-0.0024200610020251867,Low
2024-05-16,2945.131103515625,-0.0014710007285859694,Low
2024-05-17,3094.11865234375,-0.0031083503891957687,Low
2024-05-18,3122.948974609375,-0.003483144179427078,Low
2024-05-19,3071.843017578125,-0.0028310376388601677,Low
2024-05-20,3663.85546875,-0.013211625804845362,High
2024-05-21,3789.312744140625,-0.01603485420945605,High
2024-05-22,3737.2177734375,-0.014842220448523125,High
2024-05-23,3776.92724609375,-0.015748804228904123,High
2024-05-24,3726.9345703125,-0.014610130121303855,High
2024-05-25,3749.236572265625,-0.015114894714880922,High
2024-05-26,3825.8974609375,-0.016888612519269097,High
2024-05-27,3892.0068359375,-0.018463332504783936,High
2024-05-28,3840.25634765625,-0.01722721054803744,High
2024-05-29,3763.196533203125,-0.015433492720106301,High
2024-05-30,3746.849609375,-0.015060620758471477,High
2024-05-31,3760.026611328125,-0.015360971763129672,High
2024-06-01,3813.198974609375,-0.01659080306516092,High
2024-06-02,3780.89599609375,-0.015840297537529247,High
2024-06-03,3766.38916015625,-0.015506637046732052,High
2024-06-04,3812.515869140625,-0.016574826583521274,High
2024-06-05,3864.260986328125,-0.01779756146154543,High
2024-06-06,3811.60595703125,-0.016553552552542206,High
2024-06-07,3678.629150390625,-0.013535197518411368,High
2024-06-08,3680.949951171875,-0.01358625203445507,High
2024-06-09,3705.90380859375,-0.01413899538758645,Medium
2024-06-10,3666.717529296875,-0.013274116356553178,High
2024-06-11,3498.33056640625,-0.009767454050676805,High
2024-06-12,3559.61767578125,-0.011002158043548982,High
2024-06-13,3469.28125,-0.009200115938623799,High
2024-06-14,3480.27197265625,-0.009413372783693474,High
2024-06-15,3565.549560546875,-0.0111242862429064,High
2024-06-16,3620.5634765625,-0.01227800727756434,Medium
2024-06-17,3511.37890625,-0.010026103662496455,Medium
2024-06-18,3483.681396484375,-0.009479873696148,Medium
2024-06-19,3559.347412109375,-0.010996604515658537,Low
2024-06-20,3511.0869140625,-0.010020290215053462,Low
2024-06-21,3516.07568359375,-0.010119773702505386,Low
2024-06-22,3494.8134765625,-0.009698137452265998,Low
2024-06-23,3418.61181640625,-0.008239561883380264,Low
2024-06-24,3350.25634765625,-0.00700551303025454,Low
2024-06-25,3395.029052734375,-0.0078055729261554685,Low
2024-06-26,3369.477294921875,-0.007345076426901853,Low
2024-06-27,3444.800537109375,-0.008731329015708389,Low
2024-06-28,3373.635986328125,-0.007419323939479194,Low
2024-06-29,3372.9677734375,-0.0074073754255801205,Low
2024-06-30,3432.88916015625,-0.008506395830741309,Low
2024-07-01,3440.341552734375,-0.008646881130330852,Low
2024-07-02,3416.354736328125,-0.008197658776346373,Low
2024-07-03,3292.916748046875,-0.006028764461602276,Low
2024-07-04,3054.52197265625,-0.002622986546791828,Low
2024-07-05,2981.5986328125,-0.001822915600934949,Low
2024-07-06,3069.3779296875,-0.002801019826402684,Low
2024-07-07,2929.38720703125,-0.0013294678736832655,Low
2024-07-08,3018.73193359375,-0.002214701033553812,Low
2024-07-09,3064.032958984375,-0.002736397183579431,Low
2024-07-10,3102.21875,-0.0032118619427873307,Low
2024-07-11,3100.330810546875,-0.003187609829953031,Low
2024-07-12,3134.15869140625,-0.0036335979731998425,Low
2024-07-13,3177.19873046875,-0.00423512226258127,Low
2024-07-14,3244.0791015625,-0.0052416729342666946,Low
2024-07-15,3489.552734375,-0.009594776179138176,Low
2024-07-16,3443.513427734375,-0.008706922719274646,Low
2024-07-17,3388.75244140625,-0.007691507409053666,Low
2024-07-18,3426.258544921875,-0.008382094807905416,Low
2024-07-19,3505.73486328125,-0.009913938911806808,Low
2024-07-20,3519.29541015625,-0.01018415875231915,Low
2024-07-21,3536.60546875,-0.010532691875361877,Low
2024-07-22,3440.419921875,-0.008648362826099265,Low
2024-07-23,3481.995849609375,-0.009446976634599147,Low
2024-07-24,3336.33935546875,-0.006763396112676401,Low
2024-07-25,3174.42724609375,-0.004195269578715188,Low
2024-07-26,3275.951416015625,-0.0057505390570755655,Low
2024-07-27,3247.60791015625,-0.005297109576106296,Low
2024-07-28,3271.464599609375,-0.005677803322807207,Low
2024-07-29,3320.539306640625,-0.00649240175693544,Low
2024-07-30,3278.667724609375,-0.005794746079117341,Low
2024-07-31,3231.295654296875,-0.005042763344040635,Low
2024-08-01,3201.564453125,-0.004591954867782855,Low
2024-08-02,2986.01318359375,-0.001867751706847276,Low
2024-08-03,2903.3857421875,-0.0011098552298639541,Low
2024-08-04,2686.39892578125,-3.4424371348595884e-05,Low
2024-08-05,2417.206298828125,-0.0009891729733814136,Medium
2024-08-06,2458.723876953125,-0.0006470008749499545,Medium
2024-08-07,2336.58935546875,-0.0018855144798526347,Medium
2024-08-08,2683.352783203125,-2.987845102764286e-05,High
2024-08-09,2599.5986328125,-3.3003979090451274e-05,High
2024-08-10,2610.02294921875,-1.87493338754674e-05,High
2024-08-11,2553.252197265625,-0.00014651580889535332,High
2024-08-12,2724.431884765625,-0.00011744377187250521,High
2024-08-13,2703.671875,-6.614701189489036e-05,High
2024-08-14,2662.914794921875,-7.634169939541025e-06,High
2024-08-15,2570.087646484375,-9.567066063553842e-05,High
2024-08-16,2593.1865234375,-4.3798069985889754e-05,High
2024-08-17,2614.546875,-1.382190715104592e-05,High
2024-08-18,2613.357177734375,-1.5044264575325705e-05,High
2024-08-19,2637.306396484375,-4.2700289581976136e-07,High
2024-08-20,2573.10693359375,-8.772349123742362e-05,High
2024-08-21,2631.3955078125,-2.0930790395334853e-06,High
2024-08-22,2622.951416015625,-6.6724642434623505e-06,High
2024-08-23,2764.447021484375,-0.0002557130284740472,High
2024-08-24,2769.3896484375,-0.000276303603017114,High
2024-08-25,2749.15771484375,-0.0001968622315383639,High
2024-08-26,2681.340576171875,-2.7049401557510677e-05,High
2024-08-27,2458.7265625,-0.0006469812456165736,High
2024-08-28,2528.41552734375,-0.0002420997589541729,High
2024-08-29,2528.792724609375,-0.00024046180217418556,High
2024-08-30,2525.822021484375,-0.00025351913016291583,High
2024-08-31,2513.393798828125,-0.0003120737901007864,High
2024-09-01,2427.90234375,-0.0008935285024094242,High
2024-09-02,2538.187255859375,-0.00020153113297483038,High
2024-09-03,2420.603759765625,-0.0009582208738536657,High
2024-09-04,2448.97705078125,-0.0007203505696901091,High
2024-09-05,2367.737548828125,-0.0015015973040218844,High
2024-09-06,2223.87646484375,-0.003701804095696315,High
2024-09-07,2274.107177734375,-0.0028066255542744667,Low
2024-09-08,2297.29296875,-0.002440648470530271,Low
2024-09-09,2358.482177734375,-0.0016106166011841117,Medium
2024-09-10,2389.5810546875,-0.0012609104945439098,Medium
2024-09-11,2339.841552734375,-0.0018431483239536028,Low
2024-09-12,2361.78173828125,-0.0015712652774219071,Low
2024-09-13,2441.607177734375,-0.0007786290807789698,Low
2024-09-14,2418.595703125,-0.0009764504208941149,Low
2024-09-15,2320.897216796875,-0.0020975483018533803,Low
2024-09-16,2295.28369140625,-0.002471216672962906,Low
2024-09-17,2341.707763671875,-0.001819079955820313,Low
2024-09-18,2369.72900390625,-0.0014786917456580673,Low
2024-09-19,2464.752197265625,-0.0006037391598985309,Low
2024-09-20,2561.072021484375,-0.00012151495309808968,Medium
2024-09-21,2615.857177734375,-1.2536156580256197e-05,Medium
2024-09-22,2582.862548828125,-6.44534344278469e-05,Low
2024-09-23,2648.54638671875,-7.227713766377875e-07,Low
2024-09-24,2654.35498046875,-2.6396367964753864e-06,Low
2024-09-25,2579.388671875,-7.23195185001746e-05,Low
2024-09-26,2632.199951171875,-1.7920635910773086e-06,Low
2024-09-27,2695.900634765625,-5.0629822567205274e-05,Low
2024-09-28,2677.5390625,-2.2083492181024234e-05,Low
2024-09-29,2659.346923828125,-5.239440934667883e-06,Low
2024-09-30,2603.062744140625,-2.7816243693412623e-05,Low
2024-10-01,2448.921142578125,-0.0007207835086504577,Low
2024-10-02,2365.231689453125,-0.0015306964385479738,Low
2024-10-03,2349.791259765625,-0.0017168602329629135,Low
2024-10-04,2414.7939453125,-0.0010114752595166143,Low
2024-10-05,2415.6318359375,-0.0010036982951778795,Low
2024-10-06,2439.957763671875,-0.0007920066735083164,Low
2024-10-07,2421.796630859375,-0.0009474799664048739,Low
2024-10-08,2439.8408203125,-0.0007929598061057197,Low
2024-10-09,2368.283447265625,-0.0014952990547055789,Low
2024-10-10,2383.85791015625,-0.0013217386675219434,Low
2024-10-11,2436.513427734375,-0.0008203384871096064,Low
2024-10-12,2476.523193359375,-0.0005238528980212598,Low
2024-10-13,2467.677001953125,-0.0005833248458114726,Low
2024-10-14,2628.89990234375,-3.1762883099251127e-06,Low
2024-10-15,2606.02197265625,-2.3740509347502936e-05,Low
2024-10-16,2611.10205078125,-1.750509163245262e-05,Low
2024-10-17,2604.2734375,-2.610919333501105e-05,Low
2024-10-18,2641.55224609375,-7.1774911569733035e-09,Low
2024-10-19,2648.656982421875,-7.480912290747099e-07,Low
2024-10-20,2746.364013671875,-0.00018690668179299763,Low
2024-10-21,2665.712158203125,-9.82324232290388e-06,Low
2024-10-22,2620.197509765625,-8.729116761418965e-06,Low
2024-10-23,2509.098876953125,-0.00033379436275038366,Low
2024-10-24,2534.49853515625,-0.00021639060159828194,Low
2024-10-25,2435.93408203125,-0.0008251567630240819,Low
2024-10-26,2479.603271484375,-0.0005039427996464951,Low
2024-10-27,2505.940673828125,-0.0003502567532049916,Low
2024-10-28,2565.34814453125,-0.00010886094405415658,Low
2024-10-29,2637.95751953125,-3.205561786012723e-07,Low
2024-10-30,2657.37255859375,-4.106295873995691e-06,Low
2024-10-31,2515.79931640625,-0.000300243051115312,Low
2024-11-01,2511.885498046875,-0.00031961428562410354,Low
2024-11-02,2491.068603515625,-0.0004334146175944964,Low
2024-11-03,2456.42529296875,-0.000663918787615736,Low
2024-11-04,2397.0263671875,-0.0011841247585965275,Low
2024-11-05,2422.650634765625,-0.000939830627033178,Low
2024-11-06,2724.169189453125,-0.00011670612212766329,Medium
2024-11-07,2895.58544921875,-0.0010474692820299225,Medium
2024-11-08,2962.296630859375,-0.0016325097493244956,Medium
2024-11-09,3131.14453125,-0.0035928860737987067,Medium
2024-11-10,3191.331298828125,-0.004440686618291223,Medium
2024-11-11,3374.81298828125,-0.0074403874773893985,Medium
2024-11-12,3246.25732421875,-0.005275865364094301,Medium
2024-11-13,3192.595947265625,-0.004459271295708556,Medium
2024-11-14,3058.94873046875,-0.0026755192178284926,Medium
2024-11-15,3103.04052734375,-0.0032224421910252987,Medium
2024-11-16,3133.27392578125,-0.003621628050125003,Medium
2024-11-17,3075.66162109375,-0.0028778030251732645,Medium
2024-11-18,3207.8564453125,-0.004685963046488495,Medium
2024-11-19,3111.384033203125,-0.003330679235377776,Medium
2024-11-20,3072.18798828125,-0.00283524915116784,Medium
2024-11-21,3361.053955078125,-0.007195535151942711,High
2024-11-22,3331.600830078125,-0.006681686940357534,Medium
2024-11-23,3396.223388671875,-0.007827346928801937,Medium
2024-11-24,3363.659912109375,-0.007241677857689255,Medium
2024-11-25,3413.5439453125,-0.008145583644509347,Medium
2024-11-26,3326.517333984375,-0.006594444034599634,Medium
2024-11-27,3657.249267578125,-0.013067744115217383,High
2024-11-28,3579.8115234375,-0.01141975526259309,High
2024-11-29,3593.494384765625,-0.011705635796709801,High
2024-11-30,3705.705322265625,-0.014134571697215215,High
2024-12-01,3711.1650390625,-0.014256409702742778,High
2024-12-02,3644.198486328125,-0.012784985160071205,High
2024-12-03,3620.711669921875,-0.012281165314746212,High
2024-12-04,3841.3310546875,-0.017252631353830372,High
2024-12-05,3811.00830078125,-0.016539583521473444,High
2024-12-06,4005.810546875,-0.02126280064492425,Medium
2024-12-07,4002.692626953125,-0.02118470868504707,Medium
2024-12-08,4005.70458984375,-0.021260145595018987,Medium
2024-12-09,3718.6904296875,-0.014424875028981266,Medium
2024-12-10,3631.833740234375,-0.01251893027925255,Medium
2024-12-11,3832.822021484375,-0.0170516580677742,Medium
2024-12-12,3883.1015625,-0.01824889716815037,Medium
2024-12-13,3911.205322265625,-0.01892799334042572,Medium
2024-12-14,3868.4052734375,-0.01789656512977944,Medium
2024-12-15,3951.941162109375,-0.019924359772673705,Medium
2024-12-16,3987.48095703125,-0.020804798624894705,Medium
2024-12-17,3886.76611328125,-0.018337052917654417,Medium
2024-12-18,3618.791259765625,-0.012240261386663676,Medium
2024-12-19,3417.927978515625,-0.008226858184629426,Medium
2024-12-20,3472.553466796875,-0.009263428833249376,Medium
2024-12-21,3337.222412109375,-0.006778664253575206,Medium
2024-12-22,3277.53515625,-0.005776298082887044,Medium
2024-12-23,3415.785400390625,-0.008187101108627304,Medium
2024-12-24,3492.0498046875,-0.009643789815775183,Medium
2024-12-25,3493.2353515625,-0.009667090625298802,Medium
2024-12-26,3331.225830078125,-0.006675236498077219,Medium
2024-12-27,3328.9169921875,-0.006635573293062302,Medium
2024-12-28,3397.90234375,-0.007857993340918523,Medium
2024-12-29,3349.513427734375,-0.0069925082252288995,Medium
2024-12-30,3356.392578125,-0.007113270448477982,Medium
2024-12-31,3332.53173828125,-0.006697709755345338,Medium
2025-01-01,3353.504150390625,-0.0070624711405737894,Medium
2025-01-02,3451.392578125,-0.008856707666378139,Medium
2025-01-03,3605.009765625,-0.011948031676312865,Medium
2025-01-04,3657.706787109375,-0.013077692601448976,Medium
2025-01-05,3634.103759765625,-0.012567639400996589,Low
2025-01-06,3688.611328125,-0.013755220951649827,Low
2025-01-07,3381.577392578125,-0.007561867198084826,Medium
2025-01-08,3326.329345703125,-0.006591226044827758,Medium
2025-01-09,3219.4306640625,-0.004860858639964882,Medium
2025-01-10,3267.489990234375,-0.0056136695126185465,Low
2025-01-11,3282.2177734375,-0.00585271783185104,Low
2025-01-12,3265.951171875,-0.005588914920284682,Low
2025-01-13,3135.499755859375,-0.0036517719721216313,Low
2025-01-14,3223.6845703125,-0.00492577348862,Low
2025-01-15,3450.53759765625,-0.00884041042759387,Medium
2025-01-16,3308.34521484375,-0.006286121674821676,Medium
2025-01-17,3474.107177734375,-0.009293544288050959,Medium
2025-01-18,3305.78955078125,-0.006243209201691524,Medium
2025-01-19,3208.96435546875,-0.004702594497102308,Medium
2025-01-20,3278.035400390625,-0.005784443590724275,Medium
2025-01-21,3327.40625,-0.006609668523571255,Medium
2025-01-22,3240.224609375,-0.005181380374424394,Medium
2025-01-23,3334.714111328125,-0.006735329167010584,Medium
2025-01-24,3309.554931640625,-0.00630647302354248,Medium
2025-01-25,3317.26953125,-0.0064368421583250734,Low
2025-01-26,3236.13427734375,-0.00511769747813795,Medium
2025-01-27,3178.92041015625,-0.0042599554967150954,Low
2025-01-28,3077.112548828125,-0.0028956565186459837,Medium
2025-01-29,3112.9990234375,-0.003351800762112167,Medium
2025-01-30,3247.780029296875,-0.005299819336139655,Medium
2025-01-31,3298.26513671875,-0.006117515321927169,Medium
2025-02-01,3118.32861328125,-0.003421894453566665,Medium
2025-02-02,2868.69287109375,-0.0008450401736534996,Medium
2025-02-03,2884.566650390625,-0.0009621381275034535,Medium
2025-02-04,2735.05126953125,-0.00014914107612373773,Medium
2025-02-05,2787.779052734375,-0.00035953368824170884,Medium
2025-02-06,2688.40087890625,-3.7584170617610546e-05,Medium
2025-02-07,2622.211181640625,-7.1979652134235295e-06,Medium
2025-02-08,2632.308349609375,-1.753294306072739e-06,Medium
2025-02-09,2628.72119140625,-3.2625372345940207e-06,Medium
2025-02-10,2661.166748046875,-6.405146033006126e-06,Medium
2025-02-11,2602.781982421875,-2.8219947606711315e-05,Medium
2025-02-12,2736.902099609375,-0.0001550388274921266,Medium
2025-02-13,2675.902587890625,-2.0098726733919214e-05,Medium
2025-02-14,2726.091552734375,-0.0001221561519907377,Medium
2025-02-15,2693.559814453125,-4.635379899997627e-05,Low
2025-02-16,2663.31591796875,-7.931278008799225e-06,Low
2025-02-17,2743.19970703125,-0.0001759305695515634,Low
2025-02-18,2669.3388671875,-1.3067370742803064e-05,Low
2025-02-19,2715.77099609375,-9.431459922237817e-05,Low
2025-02-20,2740.386474609375,-0.00016644081321337545,Low
2025-02-21,2659.655517578125,-5.428930798023757e-06,Low
2025-02-22,2764.029296875,-0.000254007685362434,Low
2025-02-23,2821.310302734375,-0.0005375984014442947,Low
2025-02-24,2513.8212890625,-0.00030995379887865937,Medium
2025-02-25,2493.592529296875,-0.0004186430075835412,Medium
2025-02-26,2331.45263671875,-0.0019535291817577294,Medium
2025-02-27,2305.484375,-0.0023182535348538202,Medium
2025-02-28,2237.9052734375,-0.0034373667583933454,Medium
2025-03-01,2216.643310546875,-0.0038426152711198425,Medium
2025-03-02,2519.694580078125,-0.0002815929392203653,High
2025-03-03,2145.573974609375,-0.005394007070074647,High
2025-03-04,2170.01513671875,-0.004825349229146458,High
2025-03-05,2241.977294921875,-0.00336273115946939,High
2025-03-06,2202.476806640625,-0.0041273367010187245,High
2025-03-07,2138.987548828125,-0.005553747887516058,High
2025-03-08,2201.51025390625,-0.004147197687491722,High
2025-03-09,2015.5091552734375,-0.00909270919171734,High
2025-03-10,1861.1513671875,-0.01515459343297465,High
2025-03-11,1919.844970703125,-0.012614945646202025,High
2025-03-12,1908.982666015625,-0.01306225167205477,High
2025-03-13,1862.9696044921875,-0.01507131061846223,High
2025-03-14,1909.467529296875,-0.013042069831205927,High
2025-03-15,1937.3946533203125,-0.011913343524152187,High
2025-03-16,1887.43505859375,-0.013979744764930357,High
2025-03-17,1927.0029296875,-0.012325662563651085,High
2025-03-18,1932.54345703125,-0.01210470553451748,High
2025-03-19,2057.7490234375,-0.0077615675535185336,High
2025-03-20,1982.099853515625,-0.010240247722401064,High
2025-03-21,1964.8475341796875,-0.010866861129036565,High
2025-03-22,1980.037841796875,-0.01031390329734605,High
2025-03-23,2005.2991943359375,-0.009434331747102398,High
2025-03-24,2077.47900390625,-0.007183826002001403,High
2025-03-25,2067.76416015625,-0.007464871768496084,High
2025-03-26,2009.1893310546875,-0.009303238230628175,High
2025-03-27,2002.357421875,-0.009534231305032503,High
2025-03-28,1895.5029296875,-0.013631469122929118,High
2025-03-29,1827.3203125,-0.016760118961850257,High
2025-03-30,1806.2186279296875,-0.01781663451272053,High
2025-03-31,1823.47998046875,-0.01694919397907113,High
2025-04-01,1905.491455078125,-0.013208166762236795,High
2025-04-02,1795.313232421875,-0.018379713409936715,Medium
2025-04-03,1815.63720703125,-0.01733973317776527,Medium
2025-04-04,1815.335205078125,-0.017354890631632314,Medium
2025-04-05,1805.9732666015625,-0.017829174166944406,Medium
2025-04-06,1576.72802734375,-0.032414342981789246,High
2025-04-07,1555.240966796875,-0.03411060123846332,Medium
2025-04-08,1472.5531005859375,-0.04125108778192099,Medium
2025-04-09,1668.0400390625,-0.025874546487070882,High
2025-04-10,1522.518798828125,-0.036816990373639835,High
2025-04-11,1567.1497802734375,-0.03316272436817913,High
2025-04-12,1643.528564453125,-0.02752803999831499,High
2025-04-13,1596.685791015625,-0.03089428992167409,High
2025-04-14,1622.7698974609375,-0.02898569114123839,High
2025-04-15,1588.6324462890625,-0.031501330487126,High
2025-04-16,1578.1053466796875,-0.03230774342146736,High
2025-04-17,1582.54833984375,-0.03196559896711104,High
2025-04-18,1588.9246826171875,-0.031479153547420036,High
2025-04-19,1612.9228515625,-0.029695990198573607,High
2025-04-20,1587.5142822265625,-0.031586288593611345,High
2025-04-21,1579.7344970703125,-0.03218198062257116,High
2025-04-22,1757.3316650390625,-0.020434452234710188,High
2025-04-23,1796.104248046875,-0.018338474245398362,High
2025-04-24,1769.8316650390625,-0.019741902696808866,High
2025-04-25,1786.634521484375,-0.01883628243490021,High
2025-04-26,1821.881103515625,-0.017028330357179544,High
2025-04-27,1792.864990234375,-0.01850774660653387,High
2025-04-28,1798.851806640625,-0.018195715308132132,High
2025-04-29,1799.1756591796875,-0.018178937810395923,High
2025-04-30,1793.775390625,-0.01846006645443654,High
2025-05-01,1839.2215576171875,-0.01618309326520906,High
2025-05-02,1842.7078857421875,-0.016016593633935705,High
2025-05-03,1833.8397216796875,-0.016442365627861277,High
2025-05-04,1808.59423828125,-0.017695530005055304,High
2025-05-05,1819.697509765625,-0.017136804842876385,High
2025-05-06,1815.0875244140625,-0.017367328312131836,High
2025-05-07,1811.606689453125,-0.017542755011827116,High
2025-05-08,2206.5146484375,-0.004044969431758916,High
2025-05-09,2345.50732421875,-0.0017706222583498965,High
2025-05-10,2582.422607421875,-6.542400946740745e-05,High
2025-05-11,2510.23779296875,-0.000327959779408471,High
2025-05-12,2496.397705078125,-0.00040254258424843314,High
2025-05-13,2680.129638671875,-2.5413723269696042e-05,High
2025-05-14,2610.063232421875,-1.870210905163816e-05,High
2025-05-15,2546.85693359375,-0.000168762739827355,High
2025-05-16,2536.297607421875,-0.00020907461399288785,High
2025-05-17,2475.75439453125,-0.0005288865260895115,High
2025-05-18,2498.233642578125,-0.00039218546978003754,High
2025-05-19,2529.166748046875,-0.0002388433540224666,High
2025-05-20,2524.173095703125,-0.0002609224636189733,High
2025-05-21,2552.34716796875,-0.00014956535476084998,High
2025-05-22,2664.156982421875,-8.572507279924757e-06,High
2025-05-23,2526.44189453125,-0.00025076480140151514,High
2025-05-24,2530.646240234375,-0.00023249724021467966,High
2025-05-25,2551.763916015625,-0.0001515478717224461,High
2025-05-26,2564.138427734375,-0.00011236811726866858,High
2025-05-27,2663.06982421875,-7.748331576351575e-06,High
2025-05-28,2682.212890625,-2.825881364809657e-05,High
2025-05-29,2632.65478515625,-1.6322427039971998e-06,High
2025-05-30,2529.943603515625,-0.00023550001028083134,High
2025-05-31,2529.08740234375,-0.0002391862168108494,High
2025-06-01,2536.266357421875,-0.00020920057612172638,High
2025-06-02,2607.097412109375,-2.2340323083236413e-05,High
2025-06-03,2593.2802734375,-4.362906525423593e-05,High
2025-06-04,2608.64306640625,-2.0403412880787286e-05,High
2025-06-05,2416.28564453125,-0.0009976525650007284,High
2025-06-06,2477.19482421875,-0.0005194764089222481,High
2025-06-07,2526.50537109375,-0.00025048363782242955,Medium
2025-06-08,2510.787109375,-0.0003251649843155624,Medium
2025-06-09,2681.51708984375,-2.729202444196055e-05,Low
2025-06-10,2813.517578125,-0.0004932352042453791,Low
2025-06-11,2773.529296875,-0.00029413233983432985,Low
2025-06-12,2651.795166015625,-1.6475557178541322e-06,Low
2025-06-13,2579.486083984375,-7.209262581864273e-05,Low
2025-06-14,2533.444091796875,-0.00022073943592249012,Low
2025-06-15,2546.837158203125,-0.00016883405792111894,Low
2025-06-16,2540.60498046875,-0.00019208949681892573,Low
2025-06-17,2510.761474609375,-0.00032529512869960975,Low
2025-06-18,2524.301513671875,-0.00026034189566126464,Low
2025-06-19,2521.653564453125,-0.0002724498955963828,Low
2025-06-20,2407.30419921875,-0.0010824462200597074,Low
2025-06-21,2300.49560546875,-0.002392370463860205,Low
2025-06-22,2228.213134765625,-0.0036188438391463462,Low
2025-06-23,2421.824951171875,-0.0009472257613326596,Medium
2025-06-24,2448.0087890625,-0.0007278682929411362,Medium
2025-06-25,2419.310302734375,-0.0009699417640824937,Medium
2025-06-26,2416.146728515625,-0.000998935452447891,Medium
2025-06-27,2423.866943359375,-0.0009289941283465719,Medium
2025-06-28,2437.109375,-0.0008153980208154277,Medium
2025-06-29,2500.9599609375,-0.0003770679143547673,Medium
2025-06-30,2486.46435546875,-0.0004610607384836207,Medium
2025-07-01,2405.792724609375,-0.0010970869817799045,Medium
2025-07-02,2571.33544921875,-9.234337795094305e-05,Medium
2025-07-03,2591.00732421875,-4.7820399738385255e-05,Medium
2025-07-04,2508.518310546875,-0.00033678936917025393,Medium
2025-07-05,2517.280029296875,-0.0002930797430246157,Medium
2025-07-06,2571.236572265625,-9.260482843065354e-05,Medium
2025-07-07,2543.01318359375,-0.0001829187151780598,Medium
2025-07-08,2615.505859375,-1.287467232369277e-05,Medium
2025-07-09,2770.777587890625,-0.00028222210125716796,Medium
2025-07-10,2954.84521484375,-0.0015614866028206276,Medium
2025-07-11,2957.88623046875,-0.0015903035883844119,Medium
2025-07-12,2942.91162109375,-0.0014506631278675686,Medium
2025-07-13,2973.35888671875,-0.0017405070753359064,Low
2025-07-14,3013.350830078125,-0.002155887558086489,Low
2025-07-15,3139.8896484375,-0.0037115227902417836,Medium
2025-07-16,3371.5068359375,-0.007381276652859148,Medium
2025-07-17,3476.784423828125,-0.009345517407922443,Medium
2025-07-18,3549.016357421875,-0.010785024804030208,Medium
2025-07-19,3595.273681640625,-0.011742982636962496,Medium
2025-07-20,3759.471435546875,-0.015348281150619703,Medium
2025-07-21,3763.371337890625,-0.015437494868063117,Low
2025-07-22,3749.1455078125,-0.015112823034158729,Low
2025-07-23,3629.70361328125,-0.012473278586907277,Low
2025-07-24,3708.005615234375,-0.014185865011408283,Low
2025-07-25,3727.266845703125,-0.014617611964846455,Low
2025-07-26,3741.39599609375,-0.014936841499686437,Low
2025-07-27,3875.24658203125,-0.018060338667562292,Low
2025-07-28,3787.42578125,-0.015991174847811984,Low
2025-07-29,3793.454833984375,-0.01613085907209688,Low
2025-07-30,3808.20166015625,-0.016474030165908093,Low
2025-07-31,3696.707763671875,-0.01393449549829573,Low
2025-08-01,3488.365966796875,-0.009571512213473965,Low
2025-08-02,3392.7412109375,-0.0077639248619174595,Low
2025-08-03,3497.379150390625,-0.00974868618677005,Low
2025-08-04,3718.986083984375,-0.014431506103579794,Low
2025-08-05,3611.8994140625,-0.012093834768581946,Low
2025-08-06,3683.920654296875,-0.013651691840204205,Low
2025-08-07,3914.325927734375,-0.01900382346101892,Medium
2025-08-08,4009.848876953125,-0.02136405672045083,Low
2025-08-09,4263.59912109375,-0.027954045967286345,Low
2025-08-10,4254.2177734375,-0.02770320579624197,Low
2025-08-11,4226.966796875,-0.026977423019225788,Low
2025-08-12,4590.9248046875,-0.03697703152597942,Medium
2025-08-13,4756.27587890625,-0.04169500693373884,Medium
2025-08-14,4548.16650390625,-0.035772153213828206,Medium
2025-08-15,4439.98876953125,-0.032756164230718476,Medium
2025-08-16,4426.18017578125,-0.032374780243828116,Medium
2025-08-17,4473.271484375,-0.033678873297733,Medium
2025-08-18,4312.5048828125,-0.02926957023080279,Medium
2025-08-19,4073.464111328125,-0.02297525526755706,Medium
2025-08-20,4334.50048828125,-0.029865395859651978,Medium
2025-08-21,4223.2099609375,-0.02687770549040558,Medium
2025-08-22,4831.3486328125,-0.043863693068662446,High
2025-08-23,4776.09033203125,-0.04226594130877537,High
2025-08-24,4779.6474609375,-0.04236855063767253,High
2025-08-25,4372.98779296875,-0.030913880878789324,High
2025-08-26,4600.4267578125,-0.03724569606007033,High
2025-08-27,4503.39306640625,-0.034518019591971316,High
2025-08-28,4507.177734375,-0.03462372072316777,High
2025-08-29,4360.15283203125,-0.030563405384437137,High
2025-08-30,4374.1533203125,-0.030945747117682165,High
2025-08-31,4390.01904296875,-0.031380179217382564,High
2025-09-01,4314.47021484375,-0.029322705144373296,High
2025-09-02,4325.36572265625,-0.0296176444572126,High
2025-09-03,4450.38916015625,-0.03304397803698911,High
2025-09-04,4298.744140625,-0.028898107165872378,High
2025-09-05,4306.98876953125,-0.029120545065215997,High
2025-09-06,4274.2421875,-0.028239220425445022,High
2025-09-07,4305.34765625,-0.029076239351413014,High
2025-09-08,4308.072265625,-0.029149804435845583,High
2025-09-09,4309.04150390625,-0.029175983599333932,High
2025-09-10,4349.14599609375,-0.030263499316072084,High
2025-09-11,4461.2333984375,-0.03334458081749414,High
2025-09-12,4715.24609375,-0.04051631900147867,High
2025-09-13,4668.1796875,-0.0391704452997107,High
2025-09-14,4609.59765625,-0.037505305007974,High
2025-09-15,4526.8203125,-0.03517324231619612,High
2025-09-16,4503.564453125,-0.03452280494961979,High
2025-09-17,4592.7333984375,-0.037028143932262725,Medium
2025-09-18,4589.9189453125,-0.036948610186883224,Medium
2025-09-19,4470.9169921875,-0.033613441173229175,Medium
2025-09-20,4482.265625,-0.033929040234479624,Medium
2025-09-21,4451.3291015625,-0.033070012905173196,Low
2025-09-22,4202.87744140625,-0.026339478049286935,Low
2025-09-23,4165.50390625,-0.025356739154553165,Low
2025-09-24,4153.46923828125,-0.025042155929306475,Low
2025-09-25,3868.333984375,-0.01789486077382385,Low
2025-09-26,4035.887939453125,-0.022019932161486122,Low
2025-09-27,4018.658203125,-0.02158537293639029,Low
2025-09-28,4141.4765625,-0.02472959923045026,Low
2025-09-29,4217.341796875,-0.026722114153507004,Low
2025-09-30,4145.95751953125,-0.024846273895713256,Low
2025-10-01,4351.1123046875,-0.03031703137011965,Low
2025-10-02,4487.923828125,-0.03408659465261665,Low
2025-10-03,4514.87060546875,-0.03483875231511491,Low
2025-10-04,4489.197265625,-0.034122072378507284,Low
2025-10-05,4515.4228515625,-0.03485419791773303,Low
2025-10-06,4687.771484375,-0.03972983896267179,Low
2025-10-07,4451.15185546875,-0.03306510317601974,Low
2025-10-08,4527.64794921875,-0.03519643011551998,Low
2025-10-09,4369.1435546875,-0.030808824025539083,Low
2025-10-10,3843.0087890625,-0.01729233758025772,Medium
2025-10-11,3750.611572265625,-0.015146185902028209,Medium
2025-10-12,4164.427734375,-0.025328570631649616,High
2025-10-13,4245.4677734375,-0.02746969749258643,High
2025-10-14,4125.412109375,-0.02431239966551313,High
2025-10-15,3987.45947265625,-0.020804263336311912,High
2025-10-16,3894.75439453125,-0.018529634075901136,High
2025-10-17,3832.558837890625,-0.01704545285079795,High
2025-10-18,3890.34619140625,-0.0184232916084468,High
2025-10-19,3984.649658203125,-0.020734287484742153,High
2025-10-20,3980.76025390625,-0.020637528486468826,High
2025-10-21,3876.76416015625,-0.0180967249930033,High
2025-10-22,3808.122314453125,-0.016472178037842622,High
2025-10-23,3856.0263671875,-0.017601307948066802,High
2025-10-24,3934.5673828125,-0.019497704466590382,High
2025-10-25,3953.470947265625,-0.019962046932897937,Medium
2025-10-26,4157.9892578125,-0.025160199366157765,Medium
2025-10-27,4120.1220703125,-0.02417539073755448,Medium
2025-10-28,3982.262451171875,-0.020674885319803327,Medium
2025-10-29,3903.35302734375,-0.01873755616933448,Medium
2025-10-30,3804.375244140625,-0.016384781766388135,Medium
2025-10-31,3847.080322265625,-0.017388805970770305,Medium
2025-11-01,3874.18798828125,-0.01803496947286376,Medium
2025-11-02,3911.063232421875,-0.018924542580276094,Medium
2025-11-03,3602.30810546875,-0.011891015838914831,High
2025-11-04,3292.574462890625,-0.006023101458048741,High
2025-11-05,3425.171142578125,-0.008361772416973667,High
2025-11-06,3312.2578125,-0.0063520341871419195,High
2025-11-07,3435.301025390625,-0.008551772072365682,High
2025-11-08,3400.3759765625,-0.00790322446463787,High
2025-11-09,3582.621337890625,-0.011478270397833445,Medium
2025-11-10,3568.4599609375,-0.011184371714787367,Medium
2025-11-11,3415.2822265625,-0.008177774422308048,Medium
2025-11-12,3413.09423828125,-0.008137263096098968,Medium
2025-11-13,3232.757080078125,-0.00506535024892707,Medium
2025-11-14,3103.78564453125,-0.00323204794222709,Medium
2025-11-15,3166.63134765625,-0.004083983969784599,Medium
2025-11-16,3092.847412109375,-0.0030922335293390724,Medium
2025-11-17,3024.538818359375,-0.002278931050257782,Medium
2025-11-18,3122.97900390625,-0.0034835437259926882,Medium
2025-11-19,3023.07080078125,-0.0022626187628079775,Medium
2025-11-20,2831.777587890625,-0.000599981601300037,Medium
2025-11-21,2765.69921875,-0.00026085767350048084,Medium
2025-11-22,2767.607421875,-0.00026879141485181,Medium
2025-11-23,2801.676025390625,-0.0004292595548383016,Medium
2025-11-24,2952.71337890625,-0.0015414240907859478,Medium
2025-11-25,2957.936279296875,-0.001590779802462694,Medium
2025-11-26,3027.81201171875,-0.002315483028117238,Medium
2025-11-27,3014.542236328125,-0.002168850355271701,Medium
2025-11-28,3032.304443359375,-0.002366055772340392,Medium
2025-11-29,2991.685302734375,-0.001926056698150047,Medium
2025-11-30,2992.112548828125,-0.0019304800567546687,Medium
2025-12-01,2800.18896484375,-0.00042152083195545753,Medium
2025-12-02,2997.939697265625,-0.001991249605188594,Medium
2025-12-03,3191.57177734375,-0.004444218189061266,Medium
2025-12-04,3134.31640625,-0.00363573338439227,Medium
2025-12-05,3024.432861328125,-0.002277751993998045,Medium
2025-12-06,3040.207763671875,-0.0024561579830124636,Medium
2025-12-07,3061.3017578125,-0.0027036221055318777,Medium
2025-12-08,3125.197998046875,-0.003513120122553004,Medium
2025-12-09,3321.114990234375,-0.006502202331784446,Medium
2025-12-10,3325.39013671875,-0.006575157481446103,Medium
2025-12-11,3237.056884765625,-0.005132034736300195,Medium
2025-12-12,3084.172607421875,-0.0029831898445654703,Medium
2025-12-13,3116.6953125,-0.0034003499487895716,Medium
2025-12-14,3060.5947265625,-0.002695164773304226,Medium
2025-12-15,2964.18310546875,-0.0016507113986276023,Medium
2025-12-16,2964.180908203125,-0.0016506901466137869,Medium
2025-12-17,2831.403564453125,-0.000597697668852315,Medium
2025-12-18,2827.069091796875,-0.0005715254109747159,Medium
2025-12-19,2977.970703125,-0.0017864257582994592,Medium
2025-12-20,2977.58251953125,-0.0017825405285304408,Medium
2025-12-21,3001.61376953125,-0.002029985271533641,Medium
2025-12-22,3006.07373046875,-0.002077440658808438,Medium
2025-12-23,2963.3740234375,-0.001642894083236035,Medium
2025-12-24,2945.590576171875,-0.0014752266746697051,Low
2025-12-25,2903.57958984375,-0.001111426351715794,Low
2025-12-26,2925.74560546875,-0.0012976425057455998,Low
2025-12-27,2947.998291015625,-0.0014974592254053398,Low
2025-12-28,2948.568115234375,-0.0015027424839397785,Low
2025-12-29,2934.538330078125,-0.0013750726554578874,Low
2025-12-30,2971.416748046875,-0.0017213267557985024,Low
2025-12-31,2967.03759765625,-0.0016784217685137381,Low
2026-01-01,3000.394287109375,-0.002017092399242193,Low
2026-01-02,3124.422607421875,-0.0035027734451639203,Low
2026-01-03,3125.91748046875,-0.0035227319976540716,Low
2026-01-04,3140.71044921875,-0.003722738690028926,Low
2026-01-05,3226.13037109375,-0.004963250035609823,Low
2026-01-06,3295.94677734375,-0.006078983879194255,Low
2026-01-07,3166.843994140625,-0.004087003444618764,Low
2026-01-08,3104.382568359375,-0.0032397518073369325,Low
2026-01-09,3083.047119140625,-0.0029691624267061956,Low
2026-01-10,3082.39599609375,-0.0029610598650625652,Low
2026-01-11,3118.88525390625,-0.0034292498020138673,Low
2026-01-12,3092.3251953125,-0.0030856229633670074,Low
2026-01-13,3322.095458984375,-0.0065189068856496,Low
2026-01-14,3354.72265625,-0.007083884754910952,Low
2026-01-15,3317.101318359375,-0.0064339887818261055,Low
2026-01-16,3295.482177734375,-0.006071273336688887,Low
2026-01-17,3308.8642578125,-0.006294850602550972,Low
2026-01-18,3281.15771484375,-0.005835384040002389,Low
2026-01-19,3186.62109375,-0.004371741049771893,Low
2026-01-20,2935.605712890625,-0.0013846083143620458,Low
2026-01-21,2978.901123046875,-0.0017957531649031022,Low
2026-01-22,2949.63330078125,-0.0015126407086406557,Low
2026-01-23,2953.25634765625,-0.0015465230277420527,Low
2026-01-24,2948.74072265625,-0.001504344481291997,Low
2026-01-25,2815.90234375,-0.0005066217907265802,Low
2026-01-26,2926.45703125,-0.0013038328279281197,Low
2026-01-27,3022.2109375,-0.0022530875426687302,Low
2026-01-28,3006.607421875,-0.002083151092615032,Low
2026-01-29,2818.232666015625,-0.0005198645238141397,Low
2026-01-30,2702.375244140625,-6.341728039682692e-05,Low
2026-01-31,2445.091796875,-0.0007507699893132269,Medium
2026-02-01,2267.96484375,-0.002908489790696245,Medium
2026-02-02,2344.356689453125,-0.0017852198638792505,Medium
2026-02-03,2227.558837890625,-0.003631290521588615,Medium
2026-02-04,2143.504150390625,-0.0054439061178107595,Medium
2026-02-05,1821.68310546875,-0.01703814737644138,High
2026-02-06,2063.386962890625,-0.007593670452822776,High
2026-02-07,2090.54931640625,-0.006816061422915354,High
2026-02-08,2088.762939453125,-0.006865630673836387,High
2026-02-09,2103.567626953125,-0.006461395186965979,High
2026-02-10,2019.4974365234375,-0.00896139661830131,High
2026-02-11,1940.621337890625,-0.011787144363076929,High
2026-02-12,1946.940673828125,-0.011542476717956718,High
2026-02-13,2024.234130859375,-0.008806988246972125,High
